"9","17","2018/SJ/III/KU-27","2018-03-07","AKS-P1802-827632","2018-03-21","Sudah sampai","0","0"
"10","18","2018/SJ/III/KU-27","2018-03-07","AKS-P1802-827632","2018-03-21","Sudah Sampai

","0","0"
"11","19","2018/SJ/V/KU-117","2018-05-24","AKS-P1803-901984","2018-06-07",,"0","0"
"12","21","2018/SJ/V/KU-84","2018-05-02","AKS-P1803-876831","2018-05-16",,"0","0"
"13","20","2018/SJ/IV/KU-60","2018-04-12","AKS-P1802-840317","2018-04-26",,"0","0"
"14","22","2018/SJ/I/KU-001","2018-01-01","-","2018-01-12",,"0","0"
"15","23","2018/SJ/I/KU-002","2018-01-08",,"2018-01-22","Sebagai Alat Pengganti yang rusak","0","0"
"16","24","2018/SJ/I/KU-004","2018-01-09",,"2018-01-23",,"0","0"
"17","25","2018/SJ/I/KU-005","2018-01-09",,"2018-01-23",,"0","0"
"18","26","2018/SJ/I/KU-005","2018-01-09",,"2018-01-23",,"0","0"
"19","27","2018/SJ/I/KU-006","2018-01-12",,"2018-01-26",,"0","0"
"20","28","2018/SJ/I/KU-007","2018-01-12",,"2018-01-26",,"0","0"
"21","29","2018/SJ/I/KU-008","2018-01-12",,"2018-01-26",,"0","0"
"22","30","2018/SJ/I/KU-009","2018-01-12",,"2018-01-26",,"0","0"
"23","31","2018/SJ/I/KU-010","2018-01-22",,"2018-02-05",,"0","0"
"24","32","2018/SJ/I/KU-011","2018-01-23","AKS-P1711-776747","2018-02-06",,"0","0"
"25","33","2018/SJ/I/KU-012","2018-01-30","AKS-P1711-776747","2018-02-13",,"0","0"
"26","34","2018/SJ/II/KU-013","2018-02-05",,"2018-02-19",,"0","0"
"27","35","2018/SJ/II/KU-013","2018-02-05",,"2018-02-19",,"0","0"
"28","36","2018/SJ/II/KU-17","2018-02-14",,"2018-02-28",,"0","0"
"29","37","2018/SJ/II/KU-17","2018-02-14",,"2018-02-28",,"0","0"
"30","38","2018/SJ/II/KU-017","2018-02-14",,"2018-02-28",,"0","0"
"31","39","2018/SJ/II/KU-020","2018-02-22","AKS-P1712-790935","2018-03-08",,"0","0"
"32","40","2018/SJ/II/KU-020","2018-02-22","AKS-P1712-790935","2018-03-08",,"0","0"
"33","42","2018/SJ/II/KU-020","2018-02-22","AKS-P1712-790935","2018-03-08",,"0","0"
"34","43","2018/SJ/II/KU-020","2018-02-22","AKS-P1712-790935","2018-03-08",,"0","0"
"35","41","2018/SJ/II/KU-020","2018-02-22","AKS-P1712-790935","2018-03-08",,"0","0"
"36","44","2018/SJ/II/KU-021","2018-02-22","AKS-P1712-790940","2018-03-08",,"0","0"
"37","45","2018/SJ/II/KU-022","2018-02-22","AKS-P1802-812106","0000-00-00",,"0","0"
"38","46","2018/SJ/II/KU-25","2018-02-28","AKS-P1802-815652","0000-00-00",,"0","0"
"39","47","2018/SJ/II/KU-025","2018-02-28","AKS-P1802-815652","0000-00-00",,"0","0"
"40","55","2018/SJ/II/KU-025","2018-02-28",,"0000-00-00",,"0","0"
"41","54","2018/SJ/II/KU-025","2018-02-28","AKS-P1802-815652","0000-00-00",,"0","0"
"42","53","2018/SJ/II/KU-025","2018-02-28","AKS-P1802-815652","0000-00-00",,"0","0"
"43","51","2018/SJ/II/KU-025","2018-02-28","AKS-P1802-815652","0000-00-00",,"0","0"
"44","52","2018/SJ/II/KU-025","2018-02-28","AKS-P1802-815652","0000-00-00",,"0","0"
"45","50","2018/SJ/II/KU-025","2018-02-28","AKS-P1802-815652","0000-00-00",,"0","0"
"46","49","2018/SJ/II/KU-025","2018-02-28","AKS-P1802-815652","0000-00-00",,"0","0"
"47","48","2018/SJ/II/KU-025","2018-02-28",,"0000-00-00",,"0","0"
"48","56","2018/SJ/II/KU-025","2018-02-28","AKS-P1802-815652","0000-00-00",,"0","0"
"49","60","2018/SJ/II/KU-025","2018-02-28","AKS-P1802-815652","0000-00-00",,"0","0"
"50","59","2018/SJ/II/KU-025","2018-02-28","AKS-P1802-815652","0000-00-00",,"0","0"
"51","58","2018/SJ/II/KU-025","2018-02-28","AKS-P1802-815652","0000-00-00",,"0","0"
"52","57","2018/SJ/II/KU-025","2018-02-28","AKS-P1802-815652","2018-03-07",,"0","0"
"53","70","2018/SJ/II/KU-026","2018-03-08","AKS-P1802-821214","0000-00-00",,"0","0"
"54","69","2018/SJ/II/KU-026","2018-03-08","AKS-P1802-821214","0000-00-00",,"0","0"
"55","68","2018/SJ/II/KU-026","2018-03-08","AKS-P1802-821214","0000-00-00",,"0","0"
"56","67","2018/SJ/II/KU-026","2018-03-08","AKS-P1802-821214","0000-00-00",,"0","0"
"57","66","2018/SJ/II/KU-026","2018-03-08","AKS-P1802-821214","0000-00-00",,"0","0"
"58","65","2018/SJ/II/KU-026","2018-03-08","AKS-P1802-821214","0000-00-00",,"0","0"
"59","64","2018/SJ/II/KU-026","2018-03-08","AKS-P1802-821214","0000-00-00",,"0","0"
"60","63","2018/SJ/II/KU-026","2018-03-08","AKS-P1802-821214","0000-00-00",,"0","0"
"61","62","2018/SJ/II/KU-026","2018-03-08","AKS-P1802-821214","0000-00-00",,"0","0"
"62","61","2018/SJ/II/KU-026","2018-03-08","AKS-P1802-821214","0000-00-00",,"0","0"
"63","71","2018/SJ/III/KU-028","2018-03-08","AKS-P1802-827643","0000-00-00",,"0","0"
"64","72","2018/SJ/III/KU-028","2018-03-07","AKS-P1802-827643","0000-00-00",,"0","0"
"65","73","2018/SJ/III/KU-028","2018-03-07","AKS-P1802-827643","0000-00-00",,"0","0"
"66","74","2018/SJ/III/KU-028","2018-03-07","AKS-P1802-827643","0000-00-00",,"0","0"
"67","75","2018/SJ/III/KU-028","2018-03-07","AKS-P1802-827643","0000-00-00",,"0","0"
"68","76","2018/SJ/III/KU-028","2018-03-07","AKS-P1802-827643","0000-00-00",,"0","0"
"69","77","2018/SJ/III/KU-028","2018-03-07","AKS-P1802-827643","0000-00-00",,"0","0"
"70","78","2018/SJ/III/KU-029","2018-03-07","AKS-P1802-827655","0000-00-00","Barang di kirim ke PT BINA INSANI MANDIRI PRATAMA (Balikpapan)","0","0"
"71","79","2018/SJ/III/KU-029","2018-03-07","AKS-P1802-827655","0000-00-00","Barang di kirim ke PT BINA INSANI MANDIRI PRATAMA (Balikpapan)","0","0"
"72","80","2018/SJ/III/KU-029","2018-03-07","AKS-P1802-827655","0000-00-00","Barang di kirim ke PT BINA INSANI MANDIRI PRATAMA (Balikpapan)","0","0"
"73","81","2018/SJ/III/KU-029","2018-03-07","AKS-P1802-827655","0000-00-00","Barang di kirim ke PT BINA INSANI MANDIRI PRATAMA (Balikpapan)","0","0"
"74","90","2018/SJ/III/KU-029","2018-03-07","AKS-P1802-827655","0000-00-00","Barang di kirim ke PT BINA INSANI MANDIRI PRATAMA (Balikpapan)","0","0"
"75","89","2018/SJ/III/KU-029","2018-03-07","AKS-P1802-827655","0000-00-00","Barang di kirim ke PT BINA INSANI MANDIRI PRATAMA (Balikpapan)","0","0"
"76","88","2018/SJ/III/KU-029","2018-03-07","AKS-P1802-827655","0000-00-00","Barang di kirim ke PT BINA INSANI MANDIRI PRATAMA (Balikpapan)","0","0"
"77","87","2018/SJ/III/KU-029","2018-03-07","AKS-P1802-827655","0000-00-00","Barang di kirim ke PT BINA INSANI MANDIRI PRATAMA (Balikpapan)","0","0"
"78","82","2018/SJ/III/KU-029","2018-03-07","AKS-P1802-827655","0000-00-00","Barang di kirim ke PT BINA INSANI MANDIRI PRATAMA (Balikpapan)","0","0"
"79","83","2018/SJ/III/KU-029","2018-03-07","AKS-P1802-827655","0000-00-00","Barang di kirim ke PT BINA INSANI MANDIRI PRATAMA (Balikpapan)","0","0"
"80","84","2018/SJ/III/KU-029","2018-03-07","AKS-P1802-827655","0000-00-00","Barang di kirim ke PT BINA INSANI MANDIRI PRATAMA (Balikpapan)","0","0"
"81","86","2018/SJ/III/KU-029","2018-03-07","AKS-P1802-827655","0000-00-00","Barang di kirim ke PT BINA INSANI MANDIRI PRATAMA (Balikpapan)","0","0"
"82","85","2018/SJ/III/KU-029","2018-03-07","AKS-P1802-827655","0000-00-00","Barang di kirim ke PT BINA INSANI MANDIRI PRATAMA (Balikpapan)","0","0"
"83","91","2018/SJ/III/KU-029","2018-03-07","AKS-P1802-827655","0000-00-00","Barang di kirim ke PT BINA INSANI MANDIRI PRATAMA (Balikpapan)","0","0"
"84","92","2018/SJ/III/KU-029","2018-03-07","AKS-P1802-827655","0000-00-00","Barang di kirim ke PT BINA INSANI MANDIRI PRATAMA (Balikpapan)","0","0"
"85","93","2018/SJ/III/KU-029","2018-03-07","AKS-P1802-827655","0000-00-00","Barang di kirim ke PT BINA INSANI MANDIRI PRATAMA (Balikpapan)","0","0"
"86","94","2018/SJ/III/KU-029","2018-03-07","AKS-P1802-827655","0000-00-00","Barang di kirim ke PT BINA INSANI MANDIRI PRATAMA (Balikpapan)","0","0"
"87","95","2018/SJ/III/KU-029","2018-03-07","AKS-P1802-827655","0000-00-00","Barang di kirim ke PT BINA INSANI MANDIRI PRATAMA (Balikpapan)","0","0"
"88","96","2018/SJ/III/KU-029","2018-03-07","AKS-P1802-827655","0000-00-00","Barang di kirim ke PT BINA INSANI MANDIRI PRATAMA (Balikpapan)","0","0"
"89","97","2018/SJ/III/KU-029","2018-03-07","AKS-P1802-827655","0000-00-00","Barang di kirim ke PT BINA INSANI MANDIRI PRATAMA (Balikpapan)","0","0"
"90","98","2018/SJ/III/KU-029","2018-03-07","AKS-P1802-827655","0000-00-00","Barang di kirim ke PT BINA INSANI MANDIRI PRATAMA (Balikpapan)","0","0"
"91","99","2018/SJ/III/KU-029","2018-03-07","AKS-P1802-827655","0000-00-00","Barang di kirim ke PT BINA INSANI MANDIRI PRATAMA (Balikpapan)","0","0"
"92","100","2018/SJ/III/KU-34","2018-03-16","0049/BPM/SP/III/18","0000-00-00",,"0","0"
"93","101","2018/SJ/III/KU-38","2018-03-22",,"0000-00-00",,"0","0"
"94","102","2018/SJ/III/KU-38","2018-03-22",,"0000-00-00",,"0","0"
"95","103","2018/SJ/IV/KU-052","2018-04-05",,"0000-00-00",,"0","0"
"96","104","2018/SJ/IV/KU-055","2018-04-09","AKS-P1803-854552","0000-00-00",,"0","0"
"97","106","2018/SJ/IV/KU-056","2018-04-10","AKS-P1803-883750","0000-00-00",,"0","0"
"98","107","2018/SJ/IV/KU-057","2018-04-09","AKS-P1803-864061","0000-00-00",,"0","0"
"99","108","2018/SJ/IV/KU-060","2018-04-12","AKS-P1803-877150","0000-00-00",,"0","0"
"100","109","2018/SJ/IV/KU-060","2018-04-12","AKS-P1803-877150","0000-00-00",,"0","0"
"101","110","2018/SJ/IV/KU-060","2018-04-12","AKS-P1803-877150","0000-00-00",,"0","0"
"102","111","2018/SJ/IV/KU-060","2018-04-12","AKS-P1803-877150","0000-00-00",,"0","0"
"103","113","2018/SJ/IV/KU-060","2018-04-12","AKS-P1803-877150","0000-00-00",,"0","0"
"104","112","2018/SJ/IV/KU-060","2018-04-12","AKS-P1803-877150","0000-00-00",,"0","0"
"105","114","2018/SJ/IV/KU-060","2018-04-12","AKS-P1803-877150","0000-00-00",,"0","0"
"106","115","2018/SJ/IV/KU-060","2018-04-12","AKS-P1803-877150","0000-00-00",,"0","0"
"107","116","2018/SJ/IV/KU-060","2018-04-12","AKS-P1803-877150","0000-00-00",,"0","0"
"108","117","2018/SJ/IV/KU-060","2018-04-12","AKS-P1803-877150","0000-00-00",,"0","0"
"109","118","2018/SJ/IV/KU-060","2018-04-12","AKS-P1803-877150","0000-00-00",,"0","0"
"110","119","2018/SJ/IV/KU-060","2018-04-12","AKS-P1803-877150","0000-00-00",,"0","0"
"111","120","2018/SJ/IV/KU-060","2018-04-12","AKS-P1803-877150","0000-00-00",,"0","0"
"112","121","2018/SJ/IV/KU-060","2018-04-12","AKS-P1803-877150","0000-00-00",,"0","0"
"113","122","2018/SJ/IV/KU-060","2018-04-12","AKS-P1803-877150","0000-00-00",,"0","0"
"114","123","2018/SJ/IV/KU-060","2018-04-12","AKS-P1803-877150","0000-00-00",,"0","0"
"115","124","2018/SJ/IV/KU-060","2018-04-12","AKS-P1803-877150","0000-00-00",,"0","0"
"116","125","2018/SJ/IV/KU-060","2018-04-12","AKS-P1803-877150","0000-00-00",,"0","0"
"117","126","2018/SJ/IV/KU-060","2018-04-12","AKS-P1803-877150","0000-00-00",,"0","0"
"118","127","2018/SJ/IV/KU-060","2018-04-12","AKS-P1803-877150","0000-00-00",,"0","0"
"119","128","2018/SJ/IV/KU-060","2018-04-12","AKS-P1803-877150","0000-00-00",,"0","0"
"120","129","2018/SJ/IV/KU-060","2018-04-12","AKS-P1803-877150","0000-00-00",,"0","0"
"121","130","2018/SJ/IV/KU-060","2018-04-12","AKS-P1803-877150","0000-00-00",,"0","0"
"122","131","2018/SJ/IV/KU-060","2018-04-12","AKS-P1803-877150","0000-00-00",,"0","0"
"123","132","2018/SJ/IV/KU-060","2018-04-12","AKS-P1803-877150","0000-00-00",,"0","0"
"124","133","2018/SJ/IV/KU-060","2018-04-12","AKS-P1803-877150","0000-00-00",,"0","0"
"125","134","2018/SJ/IV/KU-060","2018-04-12","AKS-P1803-877150","0000-00-00",,"0","0"
"126","135","2018/SJ/IV/KU-060","2018-04-12","AKS-P1803-877150","0000-00-00",,"0","0"
"127","136","2018/SJ/IV/KU-060","2018-04-12","AKS-P1803-877150","0000-00-00",,"0","0"
"128","137","2018/SJ/IV/KU-060","2018-04-12","AKS-P1803-877150","0000-00-00",,"0","0"
"129","138","2018/SJ/IV/KU-060","2018-04-12","AKS-P1803-877150","0000-00-00",,"0","0"
"130","139","2018/SJ/IV/KU-060","2018-04-12","AKS-P1803-877150","0000-00-00",,"0","0"
"131","140","2018/SJ/IV/KU-061","2018-04-12","AKS-P1803-903000","0000-00-00",,"0","0"
"132","141","2018/SJ/IV/KU-061","2017-04-12","AKS-P1803-883750","0000-00-00",,"0","0"
"133","142","2018/SJ/IV/KU-061","2018-04-12","AKS-P1803-903000","0000-00-00",,"0","0"
"134","143","2018/SJ/IV/KU-061","2018-04-12","AKS-P1803-903000","0000-00-00",,"0","0"
"135","144","2018/SJ/IV/KU-062","2018-04-13",,"0000-00-00",,"0","0"
"136","145","2018/SJ/IV/KU-062","2018-04-13",,"0000-00-00",,"0","0"
"137","146","2018/SJ/IV/KU-064","2018-04-16","AKS-P1802-829199","0000-00-00",,"0","0"
"138","147","2018/SJ/IV/KU-064","2018-04-16","AKS-P1802-829199","0000-00-00",,"0","0"
"139","148","2018/SJ/IV/KU-067","2018-04-18",,"0000-00-00",,"0","0"
"140","149","2018/SJ/IV/KU-067","2018-04-18",,"0000-00-00",,"0","0"
"141","150","2018/SJ/IV/KU-067","2018-04-18",,"0000-00-00",,"0","0"
"142","151","2018/SJ/IV/KU-070","2018-04-26","AKS-P1804-930190","0000-00-00",,"0","0"
"143","152","2018/SJ/IV/KU-070","2018-04-26","AKS-P1804-930190","0000-00-00",,"0","0"
"144","153","2018/SJ/IV/KU-070","2018-04-26","AKS-P1804-930190","0000-00-00",,"0","0"
"145","154","2018/SJ/IV/KU-070","2018-04-26","AKS-P1804-920273","0000-00-00",,"0","0"
"146","155","2018/SJ/IV/KU-071","2018-04-26","AKS-P1804-920273","0000-00-00",,"0","0"
"147","156","2018/SJ/IV/KU-072","2018-04-26","AKS-P1804-920318","0000-00-00",,"0","0"
"148","157","2018/SJ/IV/KU-072","2018-04-26","AKS-P1804-920318","0000-00-00",,"0","0"
"149","158","2018/SJ/IV/KU-072","2018-04-26","AKS-P1804-920318","0000-00-00",,"0","0"
"150","159","2018/SJ/IV/KU-075","2018-04-27","AKS-P1802-822739","0000-00-00",,"0","0"
"152","161","2018/SJ/IV/KU-076","2018-04-27","AKS-P1802-829382","0000-00-00",,"0","0"
"153","162","2018/SJ/IV/KU-076","2018-04-27","AKS-P1802-829382","0000-00-00",,"0","0"
"154","163","2018/SJ/IV/KU-077","2018-04-27","AKS-P1802-829243","0000-00-00",,"0","0"
"155","164","2018/SJ/V/KU-080","2018-05-02","AKS-P1803-876831","0000-00-00",,"0","0"
"156","165","2018/SJ/V/KU-080","2018-05-02","AKS-P1803-876831","0000-00-00",,"0","0"
"157","166","2018/SJ/V/KU-080","2018-05-02","AKS-P1803-876831","0000-00-00",,"0","0"
"158","167","2018/SJ/V/KU-080","2018-05-02","AKS-P1803-876831","0000-00-00",,"0","0"
"159","168","2018/SJ/V/KU-080","2018-05-02","AKS-P1803-876831","0000-00-00",,"0","0"
"160","169","2018/SJ/V/KU-080","2018-05-02","AKS-P1803-876831","0000-00-00",,"0","0"
"161","170","2018/SJ/V/KU-080","2018-05-02","AKS-P1803-876831","0000-00-00",,"0","0"
"162","171","2018/SJ/V/KU-080","2018-05-02","AKS-P1803-876831","0000-00-00",,"0","0"
"163","172","2018/SJ/V/KU-080","2018-05-02","AKS-P1803-876831","0000-00-00",,"0","0"
"164","173","2018/SJ/III/086","2018-03-12",,"0000-00-00",,"0","0"
"165","174","2018/SJ/III/KU-087","2018-03-14","AKS-P1802-844057","0000-00-00",,"0","0"
"166","175","2018/SJ/III/KU-088","2018-03-14","AKS-P1802-831901","0000-00-00",,"0","0"
"167","176","2018/SJ/III/KU-089","2018-03-29",,"0000-00-00",,"0","0"
"168","177","2018/SJ/III/KU-089","2018-03-09",,"0000-00-00",,"0","0"
"169","178","2018/SJ/III/KU-090","2018-03-08",,"0000-00-00",,"0","0"
"170","179","2018/SJ/V/KU-092","2018-05-07","AKS-P1803-859933","0000-00-00",,"0","0"
"171","180","2018/SJ/V/KU-092","2018-05-07","AKS-P1803-859933","0000-00-00",,"0","0"
"172","182","2018/SJ/V/KU-092","2018-05-07","AKS-P1803-859933","0000-00-00",,"0","0"
"173","181","2018/SJ/V/KU-092","2018-05-07","AKS-P1803-859933","0000-00-00",,"0","0"
"174","184","2018/SJ/V/KU-092","2018-05-07","AKS-P1803-859933","0000-00-00",,"0","0"
"175","183","2018/SJ/V/KU-092","2018-05-07","AKS-P1803-859933","0000-00-00",,"0","0"
"176","185","2018/SJ/V/KU-093","2018-05-07","AKS-P1804-914643","0000-00-00",,"0","0"
"177","186","2018/SJ/V/KU-093","2018-05-07","AKS-P1804-914643","0000-00-00",,"0","0"
"178","187","2018/SJ/V/KU-094","2018-05-07","AKS-P1802-821017","0000-00-00",,"0","0"
"179","188","2018/SJ/V/KU-094","2018-05-07","AKS-P1802-821017","0000-00-00",,"0","0"
"180","189","2018/SJ/V/KU-094","2018-05-07","AKS-P1802-821017","0000-00-00",,"0","0"
"181","190","2018/SJ/V/KU-099","2018-05-09","AKS-P1804-956381","0000-00-00",,"0","0"
"182","191","2018/SJ/V/KU-103","2018-05-16","AKS-P1803-899789","0000-00-00",,"0","0"
"183","192","2018/SJ/V/KU-103","2018-05-16","AKS-P1803-899789","0000-00-00",,"0","0"
"184","193","2018/SJ/V/KU-103","2018-05-16","AKS-P1803-899789","0000-00-00",,"0","0"
"185","194","2018/SJ/V/KU-104","2018-05-16","AKS-P1803-900760","0000-00-00",,"0","0"
"186","195","2018/SJ/V/KU-105","2018-05-16","AKS-P1804-907897","0000-00-00",,"0","0"
"187","196","2018/SJ/V/KU-106","2018-05-16","AKS-P1804-930814","0000-00-00",,"0","0"
"188","197","2018/SJ/V/KU-107","2018-05-16","AKS-P1804-965508","0000-00-00",,"0","0"
"189","198","2018/SJ/V/KU-107","2018-05-16","AKS-P1804-965508","0000-00-00",,"0","0"
"190","199","2018/SJ/V/KU-107","2018-05-16","AKS-P1804-965508","0000-00-00",,"0","0"
"191","200","2018/SJ/V/KU-107","2018-05-16","AKS-P1804-965508","0000-00-00",,"0","0"
"192","201","2018/SJ/V/KU-107","2018-05-16","AKS-P1804-965508","0000-00-00",,"0","0"
"193","202","2018/SJ/V/KU-107","2018-05-16","AKS-P1804-965508","0000-00-00",,"0","0"
"194","203","2018/SJ/V/KU-107","2018-05-16","AKS-P1804-965508","0000-00-00",,"0","0"
"195","205","2018/SJ/V/KU-107","2018-05-16","AKS-P1804-965508","0000-00-00",,"0","0"
"196","204","2018/SJ/V/KU-107","2018-05-16","AKS-P1804-965508","0000-00-00",,"0","0"
"197","206","2018/SJ/V/KU-108","2018-05-16","AKS-P1804-965718","0000-00-00",,"0","0"
"198","207","2018/SJ/V/KU-108","2018-05-16","AKS-P1804-965718","0000-00-00",,"0","0"
"199","208","2018/SJ/V/KU-108","2018-05-16","AKS-P1804-965718","0000-00-00",,"0","0"
"200","209","2018/SJ/V/KU-108","2018-05-16","AKS-P1804-965718","0000-00-00",,"0","0"
"201","211","2018/SJ/V/KU-108","2018-05-16","AKS-P1804-965718","0000-00-00",,"0","0"
"202","210","2018/SJ/V/KU-108","2018-05-16","AKS-P1804-965718","0000-00-00",,"0","0"
"203","212","2018/SJ/V/KU-108","2018-05-16","AKS-P1804-965718","0000-00-00",,"0","0"
"204","213","2018/SJ/V/KU-108","2018-05-16","AKS-P1804-965718","0000-00-00",,"0","0"
"205","214","2018/SJ/V/KU-108","2018-05-16","AKS-P1804-965718","0000-00-00",,"0","0"
"206","215","2018/SJ/V/KU-113","2018-05-16",,"2018-05-26",,"0","1"
"207","216","2018/SJ/V/KU-123","2018-05-24",,"0000-00-00",,"0","0"
"208","217","2018/SJ/V/KU-123","2018-05-24",,"0000-00-00",,"0","0"
"209","218","2018/SJ/V/KU-123","2018-05-24",,"0000-00-00",,"0","0"
"210","219","2018/SJ/V/KU-123","2018-05-24",,"0000-00-00",,"0","0"
"211","220","2018/SJ/V/KU-123","2018-05-24",,"0000-00-00",,"0","0"
"212","221","2018/SJ/V/KU-125","2018-05-28","AKS-P1802-829713","0000-00-00",,"0","0"
"213","222","2018/SJ/V/KU-124","2018-05-28","AKS-1802-837071","0000-00-00",,"0","0"
"214","223","2018/SJ/V/KU-124","2018-05-28","AKS-P1802-837071","0000-00-00",,"0","0"
"215","224","2018/SJ/V/KU-124","2018-05-28","AKS-P1802-837071","0000-00-00",,"0","0"
"216","225","2018/SJ/V/KU-124","2018-05-28","AKS-P1802-837071","0000-00-00",,"0","0"
"217","226","2018/SJ/V/KU-124","2018-05-28","AKS-P1802-837071","0000-00-00",,"0","0"
"218","227","2018/SJ/V/KU-124","2018-05-28","AKS-P1802-837071","0000-00-00",,"0","0"
"219","228","2018/SJ/V/KU-126","2018-05-28","AKS-P1802-830281","0000-00-00",,"0","0"
"220","229","2018/SJ/V/KU-126","2018-05-28","AKS-P1802-830281","0000-00-00",,"0","0"
"221","230","2018/SJ/V/KU-126","2018-05-28","AKS-P1802-830281","0000-00-00",,"0","0"
"222","231","2018/SJ/V/KU-126","2018-05-28","AKS-P1802-830281","0000-00-00",,"0","0"
"223","232","2018/SJ/V/KU-126","2018-05-28","AKS-P1802-830281","0000-00-00",,"0","0"
"224","233","2018/SJ/V/KU-126","2018-05-28","AKS-P1802-830281","0000-00-00",,"0","0"
"225","234","2018/SJ/V/KU-127","2018-05-28","AKS-P1802-828735","0000-00-00",,"0","0"
"226","235","2018/SJ/V/KU-128","2018-05-28","AKS-P1802-821448","0000-00-00",,"0","0"
"227","236","2018/SJ/V/KU-128","2018-05-28","AKS-P1802-821448","0000-00-00",,"0","0"
"228","237","2018/SJ/V/KU-128","2018-05-28","AKS-P1802-821448","0000-00-00",,"0","0"
"229","238","2018/SJ/V/KU-129","2018-05-28","AKS-P1802-821391","0000-00-00",,"0","0"
"230","239","2018/SJ/V/KU-129","2018-05-28","AKS-P1802-821391","0000-00-00",,"0","0"
"231","240","2018/SJ/V/KU-129","2018-05-28","AKS-P1802-821391","0000-00-00",,"0","0"
"232","241","2018/SJ/V/KU-130","2018-05-25","AKS-P1803-906837","0000-00-00",,"0","0"
"233","242","2018/SJ/V/KU-130","2018-05-25","AKS-P1803-906837","0000-00-00",,"0","0"
"234","243","2018/SJ/V/KU-132","2018-05-25","AKS-P1803-861046","0000-00-00",,"0","0"
"235","244","2018/SJ/V/KU-131","2018-05-25","AKS-P1803-861146","0000-00-00",,"0","0"
"236","245","2018/SJ/V/KU-131","2018-05-25","AKS-P1803-861146","0000-00-00",,"0","0"
"237","246","2018/SJ/V/KU-135","2018-05-28","AKS-P1805-994446","0000-00-00",,"0","0"
"238","247","2018/SJ/V/KU-135","2018-05-28","AKS-P1805-994446","0000-00-00",,"0","0"
"239","248","2018/SJ/V/KU-135","2018-05-28","AKS-P1805-994446","0000-00-00",,"0","0"
"240","249","2018/SJ/V/KU-135","2018-05-28","AKS-P1805-994446","0000-00-00",,"0","0"
"241","250","2018/SJ/V/KU-135","2018-05-28","AKS-P1805-994446","0000-00-00",,"0","0"
"242","251","2018/SJ/V/KU-135","2018-05-28","AKS-P1805-994446","0000-00-00",,"0","0"
"243","252","2018/SJ/V/KU-135","2018-05-28","AKS-P1805-994446","0000-00-00",,"0","0"
"244","253","2018/SJ/V/KU-135","2018-05-28","AKS-P1805-994446","0000-00-00",,"0","0"
"245","254","2018/SJ/V/KU-135","2018-05-28","AKS-P1805-994446","0000-00-00",,"0","0"
"246","255","2018/SJ/V/KU-135","2018-05-28","AKS-P1805-994446","0000-00-00",,"0","0"
"247","256","2018/SJ/V/KU-135","2018-05-28","AKS-P1805-994446","0000-00-00",,"0","0"
"248","257","2018/SJ/V/KU-135","2018-05-28","AKS-P1805-994446","0000-00-00",,"0","0"
"249","258","2018/SJ/V/KU-135","2018-05-28","AKS-P1805-994446","0000-00-00",,"0","0"
"250","259","2018/SJ/V/KU-135","2018-05-28","AKS-P1805-994446","0000-00-00",,"0","0"
"251","105","2018/SJ/V/KU-135","2018-05-28","AKS-P1805-994446","0000-00-00",,"0","0"
"252","260","2018/SJ/V/KU-135","2018-05-28","AKS-P1805-994446","0000-00-00",,"0","0"
"253","261","2018/SJ/V/KU-135","2018-05-28","AKS-P1805-994446","0000-00-00",,"0","0"
"254","262","2018/SJ/V/KU-135","2018-05-28","AKS-P1805-994446","0000-00-00",,"0","0"
"255","282","2018/SJ/V/KU-135","2018-05-28","AKS-P1805-994446","0000-00-00",,"0","0"
"256","281","2018/SJ/V/KU-135","2018-05-28","AKS-P1805-994446","0000-00-00",,"0","0"
"257","280","2018/SJ/V/KU-135","2018-05-28","AKS-P1805-994446","0000-00-00",,"0","0"
"258","279","2018/SJ/V/KU-135","2018-05-28","AKS-P1805-994446","0000-00-00",,"0","0"
"259","278","2018/SJ/V/KU-135","2018-05-28","AKS-P1805-994446","0000-00-00",,"0","0"
"260","277","2018/SJ/V/KU-135","2018-05-28","AKS-P1805-994446","0000-00-00",,"0","0"
"261","276","2018/SJ/V/KU-135","2018-05-28","AKS-P1805-994446","0000-00-00",,"0","0"
"262","275","2018/SJ/V/KU-135","2018-05-28","AKS-P1805-994446","0000-00-00",,"0","0"
"263","274","2018/SJ/V/KU-135","2018-05-28","AKS-P1805-994446","0000-00-00",,"0","0"
"264","273","2018/SJ/V/KU-135","2018-05-28","AKS-P1805-994446","0000-00-00",,"0","0"
"265","272","2018/SJ/V/KU-135","2018-05-28","AKS-P1805-994446","0000-00-00",,"0","0"
"266","263","2018/SJ/V/KU-135","2018-05-28","AKS-P1805-994446","0000-00-00",,"0","0"
"267","264","2018/SJ/V/KU-135","2018-05-28","AKS-P1805-994446","0000-00-00",,"0","0"
"268","265","2018/SJ/V/KU-135","2018-05-28","AKS-P1805-994446","0000-00-00",,"0","0"
"269","266","2018/SJ/V/KU-135","2018-05-28","AKS-P1805-994446","0000-00-00",,"0","0"
"270","267","2018/SJ/V/KU-135","2018-05-28","AKS-P1805-994446","0000-00-00",,"0","0"
"271","268","2018/SJ/V/KU-135","2018-05-28","AKS-P1805-994446","0000-00-00",,"0","0"
"272","269","2018/SJ/V/KU-135","2018-05-28","AKS-P1805-994446","0000-00-00",,"0","0"
"273","270","2018/SJ/V/KU-135","2018-05-28","AKS-P1805-994446","0000-00-00",,"0","0"
"274","271","2018/SJ/V/KU-135","2018-05-28","AKS-P1805-994446","0000-00-00",,"0","0"
"275","283","2018/SJ/V/KU-139","2018-05-30","AKS-P1803-847292","2018-05-31",,"0","0"
"276","284","2018/SJ/V/KU-140","2018-05-30","AKS-P1804-956803","0000-00-00",,"0","0"
"277","285","2018/SJ/V/KU-141","2018-05-30","AKS-P1804-941213","0000-00-00",,"0","0"
"278","286","2018/SJ/V/KU-141","2018-05-30","AKS-P1804-941213","0000-00-00",,"0","0"
"279","287","2018/SJ/V/KU-141","2018-05-30","AKS-P1804-941213","0000-00-00",,"0","0"
"280","288","2018/SJ/V/KU-141","2018-05-30","AKS-P1804-941213","0000-00-00",,"0","0"
"281","289","2018/SJ/V/KU-141","2018-05-30","AKS-P1804-941213","0000-00-00",,"0","0"
"282","290","2018/SJ/V/KU-141","2018-05-30","AKS-P1804-941213","0000-00-00",,"0","0"
"283","291","2018/SJ/V/KU-141","2016-05-30","AKS-P1804-941213","0000-00-00",,"0","0"
"284","292","2018/SJ/V/KU-142","2018-05-31","AKS-P1803-873830","0000-00-00",,"0","0"
"285","293","2018/SJ/V/KU-142","2018-05-31","AKS-P1803-873830","0000-00-00",,"0","0"
"286","294","2018/SJ/V/KU-142","2018-05-31","AKS-P1803-873830","0000-00-00",,"0","0"
"287","295","2018/SJ/V/KU-142","2018-05-31","AKS-P1803-873830","0000-00-00",,"0","0"
"288","296","2018/SJ/V/KU-142","2018-05-31","AKS-P1803-873830","0000-00-00",,"0","0"
"289","297","2018/SJ/V/KU-142","2018-05-31","AKS-P1803-873830","0000-00-00",,"0","0"
"290","298","2018/SJ/V/KU-142","2018-05-31","AKS-P1803-873830","0000-00-00",,"0","0"
"291","299","2018/SJ/V/KU-142","2018-05-31","AKS-P1803-873830","0000-00-00",,"0","0"
"292","300","2018/SJ/V/KU-142","2018-05-31","AKS-P1803-873830","0000-00-00",,"0","0"
"293","301","2018/SJ/V/KU-142","2018-05-31","AKS-P1803-873830","0000-00-00",,"0","0"
"294","302","2018/SJ/V/KU-142","2018-05-31","AKS-P1803-873830","0000-00-00",,"0","0"
"295","303","2018/SJ/V/KU-142","2018-05-31","AKS-P1803-873830","0000-00-00",,"0","0"
"296","304","2018/SJ/V/KU-142","2018-05-31","AKS-P1803-873830","0000-00-00",,"0","0"
"297","305","2018/SJ/V/KU-142","2018-05-31","AKS-P1803-873830","0000-00-00",,"0","0"
"298","306","2018/SJ/V/KU-142","2018-05-31","AKS-P1803-873830","0000-00-00",,"0","0"
"299","307","2018/SJ/V/KU-142","2018-05-31","AKS-P1803-873830","0000-00-00",,"0","0"
"300","308","2018/SJ/V/KU-142","2018-05-31","AKS-P1803-873830","0000-00-00",,"0","0"
"301","309","2018/SJ/V/KU-142","2018-05-31","AKS-P1803-873830","0000-00-00",,"0","0"
"302","310","2018/SJ/V/KU-142","2018-05-31","AKS-P1803-873830","0000-00-00",,"0","0"
"303","311","2018/SJ/V/KU-142","2018-05-31","AKS-P1803-873830","0000-00-00",,"0","0"
"304","312","2018/SJ/V/KU-142","2018-05-31","AKS-P1803-873830","0000-00-00",,"0","0"
"305","313","2018/SJ/V/KU-143","2018-05-31","AKS-P1804-939231","0000-00-00",,"0","0"
"306","314","2018/SJ/V/KU-143","2018-05-31","AKS-P1804-939231","0000-00-00",,"0","0"
"307","315","2018/SJ/V/KU-143","2018-05-31","AKS-P1804-939231","0000-00-00",,"0","0"
"308","316","2018/SJ/V/KU-143","2018-05-31","AKS-P1804-939231","0000-00-00",,"0","0"
"309","317","2018/SJ/V/KU-143","2018-05-31","AKS-P1804-939231","0000-00-00",,"0","0"
"310","318","2018/SJ/V/KU-144","2018-05-31","AKS-P1804-960177","0000-00-00",,"0","0"
"311","319","2018/SJ/V/KU-144","2018-05-31","AKS-P1804-960177","0000-00-00",,"0","0"
"312","320","2018/SJ/V/KU-144","2018-05-31","AKS-P1804-960177","0000-00-00",,"0","0"
"313","321","2018/SJ/V/KU-145","2018-05-31","AKS-P1804-964669","0000-00-00",,"0","0"
"314","322","2018/SJ/V/KU-145","2018-05-31","AKS-P1804-964669","0000-00-00",,"0","0"
"315","323","2018/SJ/V/KU-145","2018-05-31","AKS-P1804-964669","0000-00-00",,"0","0"
"316","324","2018/SJ/V/KU-146","2018-05-31","AKS-P1805-993504","0000-00-00",,"0","0"
"317","325","2018/SJ/V/KU-146","2018-05-31","AKS-P1805-993504","0000-00-00",,"0","0"
"318","326","2018/SJ/V/KU-146","2018-05-31","AKS-P1805-993504","0000-00-00",,"0","0"
"319","327","2018/SJ/V/KU-146","2018-05-31","AKS-P1805-993504","0000-00-00",,"0","0"
"320","328","2018/SJ/V/KU-146","2018-05-31","AKS-P1805-993504","0000-00-00",,"0","0"
"321","329","2018/SJ/V/KU-146","2018-05-31","AKS-P1805-993504","0000-00-00",,"0","0"
"322","330","2018/SJ/V/KU-114","2018-05-16","AKS-P1710-724810","0000-00-00","Sebagai Pengganti alat yang rusak (SN 1620-6502)","0","0"
"323","331","2018/SJ/VII/KU-220","2018-07-11","AKS-P1805-1018755","0000-00-00",,"0","0"
"324","332","2018/SJ/VII/KU-220","2018-07-11","AKS-P1805-1018755","0000-00-00",,"0","0"
"325","333","2018/SJ/VII/KU-220","2018-07-11","AKS-P1805-1018755","0000-00-00",,"0","0"
"326","334","2018/SJ/VI/KU-150","2018-06-06","AKS-P1805-1016702","0000-00-00",,"0","0"
"327","335","2018/SJ/VI/KU-151","2018-06-06","AKS-P1805-1016405","0000-00-00",,"0","0"
"328","336","2018/SJ/VI/KU-154","2018-06-22","AKS-P1804-975049","0000-00-00",,"0","0"
"329","337","2018/SJ/VI/KU-154","2018-06-22","AKS-P1804-975049","0000-00-00",,"0","0"
"330","338","2018/SJ/VII/KU-197","2018-07-04","AKS-P1805-988346","2018-07-04","Barang langsung di antar dan di instal","0","0"
"331","339","2018/SJ/VII/KU-202","2018-07-06","AKS-P1805-985349","2018-07-20",,"0","0"
"332","340","2018/SJ/VII/KU-203","2018-07-06","AKS-P1804-923403","2018-07-20",,"0","0"
"333","341","2018/SJ/VII/KU-203","2018-07-06","AKS-P1804-923403","2018-07-20",,"0","0"
"335","343","2018/SJ/VII/KU-204","2018-07-06","AKS-P1804-928265","2018-07-20",,"0","0"
"336","344","2018/SJ/VII/KU-205","2018-07-06","AKS-P1804-923950","2018-07-20",,"0","0"
"337","346","2018/SJ/VII/KU-205","2018-07-06","AKS-P1804-923950","2018-07-20",,"0","0"
"338","345","2018/SJ/VII/KU-205","2018-07-06","AKS-P1804-923950","2018-07-20",,"0","0"
"339","347","2018/SJ/VII/KU-206","2018-07-06","AKS-P1804-928210","2018-07-20",,"0","0"
"340","348","2018/SJ/VII/KU-206","2018-07-05","AKS-P1804-928210","2018-07-20",,"0","0"
"341","349","2018/SJ/VII/KU-206","2018-07-06","AKS-P1804-928210","2018-07-20",,"0","0"
"342","350","2018/SJ/VII/KU-207","2018-07-06","AKS-P1804-955910","2018-07-20","PT. HEMATECH NUSANTARA
Jl. Durian No. 43 (Simpang Brimob)
Kec. Sukajadi, Pekanbaru - Riau","0","0"
"343","351","2018/SJ/VII/KU-207","2018-07-06","AKS-P1804-955910","2018-07-20","PT. HEMATECH NUSANTARA
Jl. Durian No. 43 (Simpang Brimob)
Kec. Sukajadi, Pekanbaru - Riau","0","0"
"344","352","2018/SJ/VII/KU-208","2018-07-06","AKS-P1804-969472","0000-00-00",,"0","0"
"345","353","2018/SJ/VII/KU-208","2018-07-06","AKS-P1804-969472","0000-00-00",,"0","0"
"346","354","2018/SJ/VII/KU-208","2018-07-06","AKS-P1804-969472","0000-00-00",,"0","0"
"347","355","2018/SJ/VII/KU-208","2018-07-06","AKS-P1804-969472","0000-00-00",,"0","0"
"348","356","2018/SJ/VII/KU-208","2018-07-06","AKS-P1804-969472","0000-00-00",,"0","0"
"349","357","2018/SJ/VII/KU-209","2018-07-06","AKS-P1805-1031952","0000-00-00",,"0","0"
"350","358","2018/SJ/VII/KU-209","2018-07-06","AKS-P1805-1031952","0000-00-00",,"0","0"
"351","359","2018/SJ/VII/KU-209","2018-07-06","AKS-P1805-1031952","0000-00-00",,"0","0"
"352","360","2018/SJ/VII/KU-209","2018-07-06","AKS-P1805-1031952","0000-00-00",,"0","0"
"353","361","2018/SJ/VII/KU-209","2018-07-06","AKS-P1805-1031952","0000-00-00",,"0","0"
"354","362","2018/SJ/VII/KU-209","0018-07-02","AKS-P1805-1031952","0000-00-00",,"0","0"
"355","363","2018/SJ/VII/KU-209","2018-07-06","AKS-P1805-1031952","0000-00-00",,"0","0"
"356","364","2018/SJ/VII/KU-209","2018-07-06","AKS-P1805-1031952","0000-00-00",,"0","0"
"357","365","2018/SJ/VII/KU-209","2018-07-06","AKS-P1805-1031952","0000-00-00",,"0","0"
"358","366","2018/SJ/VII/KU-210","2018-07-06","AKS-P1806-1050377","0000-00-00",,"0","0"
"359","367","2018/SJ/VII/KU-210","2018-07-06","AKS-P1806-1050377","0000-00-00",,"0","0"
"360","368","2018/SJ/VII/KU-210","2018-07-06","AKS-P1806-1050377","0000-00-00",,"0","0"
"361","369","2018/SJ/VII/KU-212","2018-07-10","AKS-P1805-1031785","0000-00-00",,"0","0"
"362","370","2018/SJ/VII/KU-212","2018-07-10","AKS-P1805-1031785","0000-00-00",,"0","0"
"363","371","2018/SJ/VII/KU-212","2018-07-10","AKS-P1805-1031785","0000-00-00",,"0","0"
"364","372","2018/SJ/VII/KU-212","2018-07-10","AKS-P1805-1031785","0000-00-00",,"0","0"
"365","373","2018/SJ/VII/KU-212","2018-07-10","AKS-P1805-1031785","0000-00-00",,"0","0"
"366","374","2018/SJ/VII/KU-212","2018-07-10","AKS-P1805-1031785","0000-00-00",,"0","0"
"367","375","2018/SJ/VII/KU-212","2018-07-10","AKS-P1805-1031785","0000-00-00",,"0","0"
"368","376","2018/SJ/VII/KU-212","2018-07-10","AKS-P1805-1031785","0000-00-00",,"0","0"
"369","377","2018/SJ/VII/KU-212","2018-07-10","AKS-P1805-1031785","0000-00-00",,"0","0"
"370","378","2018/SJ/VII/KU-212","2018-07-10","AKS-P1805-1031785","0000-00-00",,"0","0"
"371","379","2018/SJ/VII/KU-212","2018-07-10","AKS-P1805-1031785","0000-00-00",,"0","0"
"372","380","2018/SJ/VII/KU-212","2018-07-10","AKS-P1805-1031785","0000-00-00",,"0","0"
"373","381","2018/SJ/VII/KU-212","2018-07-05","AKS-P1805-1031785","0000-00-00",,"0","0"
"374","382","2018/SJ/VII/KU-212","2018-07-10","AKS-P1805-1031785","0000-00-00",,"0","0"
"375","383","2018/SJ/VII/KU-212","2018-07-10","AKS-P1805-1031785","0000-00-00",,"0","0"
"376","384","2018/SJ/VII/KU-212","2018-07-10","AKS-P1805-1031785","0000-00-00",,"0","0"
"377","385","2018/SJ/VII/KU-213","2018-07-10","AKS-P1803-906644","0000-00-00",,"0","0"
"378","386","2018/SJ/VII/KU-213","2018-07-10","AKS-P1803-906644","0000-00-00",,"0","0"
"379","387","2018/SJ/VII/KU-213","2018-07-10","AKS-P1803-906644","0000-00-00",,"0","0"
"380","388","2018/SJ/VII/KU-213","2018-07-10","AKS-P1803-906644","0000-00-00",,"0","0"
"381","389","2018/SJ/VII/KU-213","2018-07-10","AKS-P1803-906644","0000-00-00",,"0","0"
"382","390","2018/SJ/VII/KU-213","2018-07-10","AKS-P1803-906644","0000-00-00",,"0","0"
"383","391","2018/SJ/VII/KU-213","2018-07-10","AKS-P1803-906644","0000-00-00",,"0","0"
"384","392","2018/SJ/VII/KU-213","2018-07-10","AKS-P1803-906644","0000-00-00",,"0","0"
"385","393","2018/SJ/VII/KU-214","2018-07-10","AKS-P1806-1073726","0000-00-00",,"0","0"
"386","394","2018/SJ/VII/KU-214","2018-07-10","AKS-P1806-1073726","0000-00-00",,"0","0"
"387","395","2018/SJ/VII/KU-214","2018-07-10","AKS-P1806-1073726","0000-00-00",,"0","0"
"388","396","2018/SJ/VII/KU-214","2018-07-10","AKS-P1806-1073726","0000-00-00",,"0","0"
"389","397","2018/SJ/VII/KU-214","2018-07-10","AKS-P1806-1073726","0000-00-00",,"0","0"
"390","398","2018/SJ/VII/KU-215","2018-07-10","AKS-P1805-1036569","0000-00-00",,"0","0"
"391","399","2018/SJ/VII/KU-215","2018-07-10","AKS-P1805-1036569","0000-00-00",,"0","0"
"392","400","2018/SJ/VII/KU-215","2018-07-10","AKS-P1805-1036569","0000-00-00",,"0","0"
"393","401","2018/SJ/VII/KU-219","2018-07-11","AKS-P1805-1015645","0000-00-00",,"0","0"
"394","402","2018/SJ/VII/KU-219","2018-07-11","AKS-P1805-1015645","0000-00-00",,"0","0"
"395","403","2018/SJ/VII/KU-219","2018-07-11","AKS-P1805-1015645","0000-00-00",,"0","0"
"396","404","2018/SJ/VII/KU-219","2018-07-11","AKS-P1805-1015645","0000-00-00",,"0","0"
"397","405","2018/SJ/VII/KU-219","2018-07-11","AKS-P1805-1015645","0000-00-00",,"0","0"
"398","406","2018/SJ/VII/KU-219","2018-07-11","AKS-P1805-1015645","0000-00-00",,"0","0"
"399","407","2018/SJ/VII/KU-219","2018-07-11","AKS-P1805-1015645","0000-00-00",,"0","0"
"400","408","2018/SJ/VII/KU-235","2018-07-17","AKS-P1805-979777","0000-00-00",,"0","0"
"401","409","2018/SJ/VII/KU-235","2018-07-17","AKS-P1805-979777","0000-00-00",,"0","0"
"402","410","2018/SJ/VII/KU-235","2018-07-17","AKS-P1805-979777","0000-00-00",,"0","0"
"403","411","2018/SJ/VII/KU-235","2018-07-17","AKS-P1805-979777","0000-00-00",,"0","0"
"404","412","2018/SJ/VII/KU-235","2018-07-17","AKS-P1805-979777","0000-00-00",,"0","0"
"405","416","2018/SJ/VII/KU-235","2018-07-17","AKS-P1805-979777","0000-00-00",,"0","0"
"406","415","2018/SJ/VII/KU-235","2018-07-17","AKS-P1805-979777","0000-00-00",,"0","0"
"407","414","2018/SJ/VII/KU-235","2018-07-17","AKS-P1805-979777","0000-00-00",,"0","0"
"408","413","2018/SJ/VII/KU-234","2018-07-17","AKS-P1805-979770","0000-00-00",,"0","0"
"409","417","2018/SJ/VII/KU-234","2018-07-17","AKS-P1805-979770","0000-00-00",,"0","0"
"410","418","2018/SJ/VII/KU-231","2018-07-17","AKS-P1806-1047871","0000-00-00",,"0","0"
"411","419","2018/SJ/VII/KU-213","2018-07-17","AKS-P1806-1047871","0000-00-00",,"0","0"
"412","420","2018/SJ/VII/KU-231","2018-07-17","AKS-P1806-1047871","0000-00-00",,"0","0"
"413","421","2018/SJ/VII/KU-231","2018-07-17","AKS-P1806-1047871","0000-00-00",,"0","0"
"414","422","2018/SJ/VII/KU-229","2018-07-17","AKS-P1807-1081630","0000-00-00",,"0","0"
"415","423","2018/SJ/VII/KU-230","2018-07-17","AKS-P1807-1081594","0000-00-00",,"0","0"
"416","424","2018/SJ/VII/KU-232","2018-07-17","AKS-P1806-1070616","0000-00-00",,"0","0"
"417","425","2018/SJ/VII/KU-232","2018-07-17","AKS-P1806-1070616","0000-00-00",,"0","0"
"418","426","2018/SJ/VII/KU-232","2018-07-17","AKS-P1806-1070616","0000-00-00",,"0","0"
"419","427","12345","2018-07-20","12345","2018-07-20"," ","0","0"
"420","428","2018/SJ/VII/KU-233","2018-07-17","AKS-P1806-1052924","0000-00-00",,"0","0"
"421","429","2018/SJ/VII/KU-233","2018-07-17","AKS-P1806-1052924","0000-00-00",,"0","0"
"422","430","2018/SJ/VII/KU-233","2018-07-17","AKS-P1806-1052924","0000-00-00",,"0","0"
"423","431","2018/SJ/VII/KU-233","2018-07-17","AKS-P1806-1052924","0000-00-00",,"0","0"
"424","432","2018/SJ/VII/KU-233","2018-07-17","AKS-P1806-1052924","0000-00-00",,"0","0"
"425","433","2018/SJ/VII/KU-233","2018-07-17","AKS-P1806-1052924","0000-00-00",,"0","0"
"426","434","2018/SJ/VII/KU-233","2018-07-17","AKS-P1806-1052924","0000-00-00",,"0","0"
"427","435","2018/SJ/VII/KU-233","2018-07-17","AKS-P1806-1052924","0000-00-00",,"0","0"
"428","436","2018/SJ/VII/KU-233","2018-07-17","AKS-P1806-1052924","0000-00-00",,"0","0"
"429","437","2018/SJ/VII/KU-233","2018-07-17","AKS-P1806-1052924","0000-00-00",,"0","0"
"430","438","2018/SJ/VII/KU-233","2018-07-17","AKS-P1806-1052924","0000-00-00",,"0","0"
"431","439","2018/SJ/VII/KU-233","2018-07-17","AKS-P1806-1052924","0000-00-00",,"0","0"
"432","440","2018/SJ/VII/KU-225","2018-07-16","AKS-P1804-956095","0000-00-00",,"0","0"
"433","441","2018/SJ/VII/KU-225","2018-07-16","AKS-P1804-956095","0000-00-00",,"0","0"
"434","442","2018/SJ/VII/KU-225","2018-07-15","AKS-P1804-956095","0000-00-00",,"0","0"
"435","443","2018/SJ/VII/KU-225","2018-07-16","AKS-P1804-956095","0000-00-00",,"0","0"
"436","444","2018/SJ/VII/KU-225","2018-07-16","AKS-P1804-956095","0000-00-00",,"0","0"
"437","445","2018/SJ/VII/KU-225","2018-07-16","AKS-P1804-956095","0000-00-00",,"0","0"
"438","446","2018/SJ/VII/KU-225","2018-07-16","AKS-P1804-956095","0000-00-00",,"0","0"
"439","447","2018/SJ/VII/KU-224","2018-07-16","AKS-P1803-903000","0000-00-00",,"0","0"
"440","448","2018/SJ/VII/KU-224","2018-07-16","AKS-P1803-903000","0000-00-00",,"0","0"
"441","449","2018/SJ/VII/KU-224","2018-07-16","AKS-P1803-903000","0000-00-00",,"0","0"
"442","450","2018/SJ/VII/KU-224","2018-07-16","AKS-P1803-903000","0000-00-00",,"0","0"
"443","451","2018/SJ/VII/KU-227","2018-07-07","AKS-P1807-1086624","0000-00-00",,"0","0"
"444","452","2018/SJ/VII/KU-227","2018-07-17","AKS-P1807-1086624","0000-00-00",,"0","0"
"445","453","2018/SJ/VII/KU-227","2018-07-17","AKS-P1807-1086624","0000-00-00","
","0","0"
"446","454","2018/SJ/VII/KU-227","2018-07-17","AKS-P1807-1086624","0000-00-00",,"0","0"
"447","455","2018/SJ/VII/KU-227","2018-07-17","AKS-P1807-1086624","0000-00-00",,"0","0"
"448","456","2018/SJ/VII/KU-226","2018-07-17","AKS-P1805-1043789","0000-00-00",,"0","0"
"449","457","2018/SJ/VII/KU-234","2018-07-17","AKS-P1805-979770","0000-00-00",,"0","0"
"450","458","2018/SJ/VII/KU-242","2018-07-18","AKS-P1805-1022736","0000-00-00",,"0","0"
"451","459","2018/SJ/VII/KU-245","2018-07-19","AKS-P1803-907599","0000-00-00",,"0","0"
"452","460","2018/SJ/VII/KU-247","2018-07-20","AKS-P1805-1007145","0000-00-00",,"0","0"
"453","461","2018/SJ/VII/KU-247","2018-07-20","AKS-P1805-1007145","0000-00-00",,"0","0"
"454","462","2018/SJ/VII/KU-247","2018-07-20","AKS-P1805-1007145","0000-00-00",,"0","0"
"455","463","2018/SJ/VII/KU-247","2018-07-20","AKS-P1805-1007145","0000-00-00",,"0","0"
"456","464","2018/SJ/VII/KU-247","2018-07-20","AKS-P1805-1007145","0000-00-00",,"0","0"
"457","465","2018/SJ/VII/KU-248","2018-07-20","AKS-P1805-1013632","0000-00-00",,"0","0"
"458","466","2018/SJ/VII/KU-248","2018-07-20","AKS-P1805-1013632","0000-00-00",,"0","0"
"459","467","2018/SJ/VII/KU-248","2018-07-20","AKS-P1805-1013632","0000-00-00",,"0","0"
"460","468","2018/SJ/VII/KU-248","2018-07-20","AKS-P1805-1013632","0000-00-00",,"0","0"
"461","469","2018/SJ/VII/KU-248","2018-07-20","AKS-P1805-1013632","0000-00-00",,"0","0"
"462","470","2018/SJ/VII/KU-240","2018-07-18","AKS-P1805-1010305","0000-00-00",,"0","0"
"463","471","2018/SJ/VII/KU-240","2018-07-18","AKS-P1805-1010305","0000-00-00",,"0","0"
"464","472","2018/SJ/VII/KU-240","2018-07-18","AKS-P1805-1010305","0000-00-00",,"0","0"
"465","473","2018/SJ/VII/KU-240","2018-07-18","AKS-P1805-1010305","0000-00-00",,"0","0"
"466","474","2018/SJ/VII/KU-240","2018-07-10","AKS-P1805-1010305","0000-00-00","
","0","0"
"467","475","2018/SJ/VII/KU-240","2018-07-18","AKS-P1805-1010305","0000-00-00",,"0","0"
"468","476","2018/SJ/VII/KU-240","2018-07-18","AKS-P1805-1010305","0000-00-00",,"0","0"
"469","477","2018/SJ/VII/KU-240","2018-07-18","AKS-P1805-1010305","0000-00-00",,"0","0"
"470","478","2018/SJ/VII/KU-240","2018-07-18","AKS-P1805-1010305","0000-00-00",,"0","0"
"471","479","2018/SJ/VII/KU-240","2018-07-18","AKS-P1805-1010305","0000-00-00",,"0","0"
"472","480","2018/SJ/VII/KU-240","2018-07-18","AKS-P1805-1010305","0000-00-00",,"0","0"
"473","481","2018/SJ/VII/KU-240","2018-07-18","AKS-P1805-1010305","0000-00-00",,"0","0"
"474","482","2018/SJ/VII/KU-240","2018-07-18","AKS-P1805-1010305","0000-00-00",,"0","0"
"475","483","2018/SJ/VII/KU-240","2018-07-18","AKS-P1805-1010305","0000-00-00",,"0","0"
"476","484","2018/SJ/VII/KU-240","2018-07-18","AKS-P1805-1010305","0000-00-00",,"0","0"
"477","485","2018/SJ/VII/KU-240","2018-07-18","AKS-P1805-1010305","0000-00-00",,"0","0"
"478","486","2018/SJ/VII/KU-240","2018-07-18","AKS-P1805-1010305","0000-00-00",,"0","0"
"479","487","2018/SJ/VII/KU-240","2018-07-18","AKS-P1805-1010305","0000-00-00",,"0","0"
"480","488","2018/SJ/VII/KU-240","2018-07-18","AKS-P1805-1010305","0000-00-00",,"0","0"
"481","492","2018/SJ/VII/KU-241","2018-07-18","AKS-P1806-1060292","0000-00-00",,"0","0"
"482","493","2018/SJ/VII/KU-241","2018-07-18","AKS-P1806-1060292","0000-00-00",,"0","0"
"483","494","2018/SJ/VII/KU-241","2018-07-18","AKS-P1806-1060292","0000-00-00",,"0","0"
"484","495","2018/SJ/VII/KU-241","2018-07-18","AKS-P1806-1060292","0000-00-00",,"0","0"
"485","496","2018/SJ/VII/KU-241","2018-07-18","AKS-P1806-1060292","0000-00-00",,"0","0"
"486","497","2018/SJ/VII/KU-241","2018-07-18","AKS-P1806-1060292","0000-00-00",,"0","0"
"487","498","2018/SJ/VII/KU-241","2018-07-18","AKS-P1806-1060292","0000-00-00",,"0","0"
"488","499","2018/SJ/VII/KU-241","2018-07-18","AKS-P1806-1060292","0000-00-00",,"0","0"
"489","501","2018/SJ/VII/KU-241","2018-07-18","AKS-P1806-1060292","0000-00-00",,"0","0"
"490","502","2018/SJ/VII/KU-241","2018-07-18","AKS-P1806-1060292","0000-00-00",,"0","0"
"491","503","2018/SJ/VII/KU-241","2018-07-18","AKS-P1806-1060292","0000-00-00",,"0","0"
"492","504","2018/SJ/VII/KU-241","2018-07-18","AKS-P1806-1060292","0000-00-00",,"0","0"
"493","505","2018/SJ/VII/KU-241","2018-07-18","AKS-P1806-1060292","0000-00-00",,"0","0"
"494","506","2018/SJ/VII/KU-241","2018-07-18","AKS-P1806-1060292","0000-00-00",,"0","0"
"495","507","2018/SJ/VII/KU-241","2018-07-18","AKS-P1806-1060292","0000-00-00",,"0","0"
"496","508","2018/SJ/VII/KU-241","2018-07-18","AKS-P1806-1060292","0000-00-00",,"0","0"
"497","509","2018/SJ/VII/KU-241","2018-07-18","AKS-P1806-1060292","0000-00-00",,"0","0"
"498","510","2018/SJ/VII/KU-241","2018-07-18","AKS-P1806-1060292","0000-00-00",,"0","0"
"499","511","2018/SJ/VII/KU-241","2018-07-18","AKS-P1806-1060292","0000-00-00",,"0","0"
"500","512","2018/SJ/VII/KU-241","2018-07-18","AKS-P1806-1060292","0000-00-00",,"0","0"
"501","513","2018/SJ/VII/KU-241","2018-07-18","AKS-P1806-1060292","0000-00-00",,"0","0"
"502","514","2018/SJ/VII/KU-241","2018-07-18","AKS-P1806-1060292","0000-00-00",,"0","0"
"503","515","2018/SJ/VII/KU-241","2018-07-18","AKS-P1806-1060292","0000-00-00",,"0","0"
"504","516","2018/SJ/VII/KU-241","2018-07-18","AKS-P1806-1060292","0000-00-00",,"0","0"
"505","517","2018/SJ/VII/KU-241","2018-07-18","AKS-P1806-1060292","0000-00-00",,"0","0"
"506","518","2018/SJ/VII/KU-241","2018-07-18","AKS-P1806-1060292","0000-00-00",,"0","0"
"507","519","2018/SJ/VII/KU-241","2018-07-18","AKS-P1806-1060292","0000-00-00",,"0","0"
"508","520","2018/SJ/VII/KU-241","2018-07-18","AKS-P1806-1060292","0000-00-00",,"0","0"
"509","521","2018/SJ/VII/KU-241","2018-07-18","AKS-P1806-1060292","0000-00-00",,"0","0"
"510","522","2018/SJ/VII/KU-241","2018-07-18","AKS-P1806-1060292","0000-00-00",,"0","0"
"511","523","2018/SJ/VII/KU-241","2018-07-18","AKS-P1806-1060292","0000-00-00",,"0","0"
"512","524","2018/SJ/VII/KU-241","2018-07-18","AKS-P1806-1060292","0000-00-00",,"0","0"
"513","525","2018/SJ/VII/KU-241","2018-07-18","AKS-P1806-1060292","0000-00-00",,"0","0"
"514","526","2018/SJ/VII/KU-241","2018-07-18","AKS-P1806-1060292","0000-00-00",,"0","0"
"515","527","2018/SJ/VII/KU-241","2018-07-18","AKS-P1806-1060292","0000-00-00",,"0","0"
"516","529","2018/SJ/VII/KU-238","2018-07-17","AKS-P1805-1036409","0000-00-00",,"0","0"
"517","530","2018/SJ/VI/KU-161","2018-06-26","AKS-P1805-1013816","0000-00-00",,"0","0"
"518","531","2018/SJ/VI/KU-161","2018-06-26","AKS-P1805-1013816","0000-00-00",,"0","0"
"519","532","2018/SJ/VI/KU-161","2018-06-26","AKS-P1805-1013816","0000-00-00",,"0","0"
"520","533","2018/SJ/VI/KU-161","2018-06-26","AKS-P1805-1013816","0000-00-00",,"0","0"
"521","534","2018/SJ/VI/KU-161","2018-06-26","AKS-P1805-1013816","0000-00-00",,"0","0"
"522","535","2018/SJ/VI/KU-187","2018-06-29","AKS-P1803-890781","0000-00-00",,"0","0"
"523","537","2018/SJ/VI/KU-187","2018-06-29","AKS-P1803-890781","0000-00-00",,"0","0"
"524","538","2018/SJ/VII/KU-238","2018-07-17","AKS-P1805-1036409","0000-00-00",,"0","0"
"525","539","2018/SJ/VII/KU-238","2018-07-17","AKS-P1805-1036409","0000-00-00",,"0","0"
"526","540","2018/SJ/VII/KU-238","2018-07-17","AKS-P1805-1036409","0000-00-00",,"0","0"
"527","541","2018/SJ/VII/KU-238","2018-07-17","AKS-P1805-1036409","0000-00-00",,"0","0"
"528","542","2018/SJ/VII/KU-238","2018-07-17","AKS-P1805-1036409","0000-00-00",,"0","0"
"529","543","2018/SJ/VII/KU-238","2018-07-17","AKS-P1805-1036409","0000-00-00",,"0","0"
"530","544","2018/SJ/VII/KU-238","2018-07-17","AKS-P1805-1036409","0000-00-00",,"0","0"
"531","545","2018/SJ/VII/KU-238","2018-07-17","AKS-P1805-1036409","0000-00-00",,"0","0"
"532","546","2018/SJ/VII/KU-238","2018-07-17","AKS-P1805-1036409","0000-00-00",,"0","0"
"533","547","2018/SJ/VII/KU-238","2018-07-17","AKS-P1805-1036409","0000-00-00",,"0","0"
"534","548","2018/SJ/VII/KU-238","2018-07-17","AKS-P1805-1036409","0000-00-00",,"0","0"
"535","549","2018/SJ/VII/KU-238","2018-07-17","AKS-P1805-1036409","0000-00-00",,"0","0"
"536","550","2018/SJ/VII/KU-238","2018-07-17","AKS-P1805-1036409","0000-00-00",,"0","0"
"537","551","2018/SJ/VII/KU-238","2018-07-17","AKS-P1805-1036409","0000-00-00",,"0","0"
"538","552","2018/SJ/VII/KU-238","2018-07-17","AKS-P1805-1036409","0000-00-00",,"0","0"
"539","553","2018/SJ/VII/KU-238","2018-07-17","AKS-P1805-1036409","0000-00-00",,"0","0"
"540","554","2018/SJ/VII/KU-238","2018-07-17","AKS-P1805-1036409","0000-00-00",,"0","0"
"541","555","2018/SJ/VII/KU-238","2018-07-17","AKS-P1805-1036409","0000-00-00",,"0","0"
"542","556","2018/SJ/VII/KU-238","2018-07-17","AKS-P1805-1036409","0000-00-00",,"0","0"
"543","557","2018/SJ/VII/KU-238","2018-07-17","AKS-P1805-1036409","0000-00-00",,"0","0"
"544","558","2018/SJ/VII/KU-238","2018-07-17","AKS-P1805-1036409","0000-00-00",,"0","0"
"545","559","2018/SJ/VII/KU-238","2018-07-17","AKS-P1805-1036409","0000-00-00",,"0","0"
"546","560","2018/SJ/VII/KU-203","2018-07-06","AKS-P1804-923403","2018-07-20",,"0","0"
"547","561","2018/SJ/VI/KU-163","2018-06-26","AKS-P1805-984979","2018-07-10",,"0","0"
"548","562","2018/SJ/VI/KU-163","2018-06-26","AKS-P1805-984979","2018-07-10",,"0","0"
"549","563","2018/SJ/VI/KU-163","2018-06-26","AKS-P1805-984979","2018-07-10",,"0","0"
"550","564","2018/SJ/VI/KU-163","2018-06-26","AKS-P1805-984979","2018-07-10",,"0","0"
"551","565","2018/SJ/VI/KU-163","2018-06-26","AKS-P1805-984979","2018-07-10",,"0","0"
"552","566","2018/SJ/VI/KU-163","2018-06-26","AKS-P1805-984979","2018-07-10",,"0","0"
"553","567","2018/SJ/VI/KU-163","2018-06-26","AKS-P1805-984979","2018-07-10",,"0","0"
"554","568","2018/SJ/VI/KU-164","2018-06-26","AKS-P1805-984966","2018-07-10",,"0","0"
"555","569","2018/SJ/VI/KU-164","2018-06-26","AKS-P1805-984966","2018-07-10",,"0","0"
"556","570","2018/SJ/VI/KU-164","2018-06-26","AKS-P1805-984966","2018-07-10",,"0","0"
"557","571","2018/SJ/VI/KU-164","2018-06-26","AKS-P1805-984966","2018-07-10",,"0","0"
"558","572","2018/SJ/VI/KU-171","2018-06-26","AKS-P1824-966236","2018-07-10",,"0","0"
"559","573","2018/SJ/VI/KU-171","2018-06-26","AKS-P1804-966236","2018-07-10",,"0","0"
"560","574","2018/SJ/VI/KU-171","2018-06-26","AKS-P1804-966236","2018-07-10",,"0","0"
"561","575","2018/SJ/VI/KU-171","2018-06-26","AKS-P1804-966236","2018-07-10",,"0","0"
"562","576","2018/SJ/III/KU-27.A","2018-03-08",,"2018-03-22",,"0","0"
"563","577","2018/SJ/VI/KU-162","2018-06-26","AKS-P1804-952717","2018-07-10",,"0","0"
"564","578","2018/SJ/VI/KU-162","2018-06-26","AKS-P1804-952717","2018-07-10",,"0","0"
"565","579","2018/SJ/VI/KU-162","2018-06-26","AKS-P1804-952717","2018-07-10",,"0","0"
"566","580","2018/SJ/VI/KU-190","2018-06-29","AKS-P1804-958863","2018-07-13",,"0","0"
"567","581","2018/SJ/VI/KU-159","2018-06-26",,"0000-00-00",,"0","0"
"568","582","2018/SJ/VI/KU-159","2018-06-26",,"0000-00-00",,"0","0"
